dataset,filename,url,md5,size_bytes
GSE11237_eset,GSE11237_eset.rda,https://zenodo.org/records/23125734/files/GSE11237_eset.rda?download=1,307f4c572b663edaa8c65e620498d8e5,1462208
GSE12225.GPL3676_eset,GSE12225.GPL3676_eset.rda,https://zenodo.org/records/23125734/files/GSE12225.GPL3676_eset.rda?download=1,ba5e2d45c597ae6e166fbfc7ce27ba44,1321808
GSE12945_eset,GSE12945_eset.rda,https://zenodo.org/records/23125734/files/GSE12945_eset.rda?download=1,06747a29b28a2f3599c25d53cf1acbf5,5676968
GSE13067_eset,GSE13067_eset.rda,https://zenodo.org/records/23125734/files/GSE13067_eset.rda?download=1,9ea4179c37ab2eea0f5779b9e5b9f8ef,10096264
GSE13294_eset,GSE13294_eset.rda,https://zenodo.org/records/23125734/files/GSE13294_eset.rda?download=1,5919e1903d672ebb074ea98c5c773703,6862824
GSE14095_eset,GSE14095_eset.rda,https://zenodo.org/records/23125734/files/GSE14095_eset.rda?download=1,902d4872308ee51e0764015fac2b062c,6909552
GSE14333_eset,GSE14333_eset.rda,https://zenodo.org/records/23125734/files/GSE14333_eset.rda?download=1,ccc1735fb1d9f664afa77fc5d801d8b8,12431512
GSE16125.GPL5175_eset,GSE16125.GPL5175_eset.rda,https://zenodo.org/records/23125734/files/GSE16125.GPL5175_eset.rda?download=1,aba783ba87e66bde68e5307a120c1a2e,1080260
GSE17536_eset,GSE17536_eset.rda,https://zenodo.org/records/23125734/files/GSE17536_eset.rda?download=1,bbdaf3e0d0c3682e2daf9fe19d2a41ed,18625140
GSE17537_eset,GSE17537_eset.rda,https://zenodo.org/records/23125734/files/GSE17537_eset.rda?download=1,0f47e4d4adf5815c0cb7f04e21fa9f25,7545656
GSE17538.GPL570_eset,GSE17538.GPL570_eset.rda,https://zenodo.org/records/23125734/files/GSE17538.GPL570_eset.rda?download=1,659686dcd2a78d7726f8d21894384b65,23588252
GSE18105_eset,GSE18105_eset.rda,https://zenodo.org/records/23125734/files/GSE18105_eset.rda?download=1,b7d2e879f1fef1ef8e0c0a184e09a52c,15109988
GSE2109_eset,GSE2109_eset.rda,https://zenodo.org/records/23125734/files/GSE2109_eset.rda?download=1,9124df5c503a1e020b789a6c2cb3521f,18402064
GSE21510_eset,GSE21510_eset.rda,https://zenodo.org/records/23125734/files/GSE21510_eset.rda?download=1,fa48020c10885777624d7007fb5f2896,20090392
GSE21815_eset,GSE21815_eset.rda,https://zenodo.org/records/23125734/files/GSE21815_eset.rda?download=1,8739e1111a1604c4d733d58a270a241c,18108200
GSE24549.GPL5175_eset,GSE24549.GPL5175_eset.rda,https://zenodo.org/records/23125734/files/GSE24549.GPL5175_eset.rda?download=1,b41298ddb66e3703352867ce8f2391e2,2379240
GSE24550.GPL5175_eset,GSE24550.GPL5175_eset.rda,https://zenodo.org/records/23125734/files/GSE24550.GPL5175_eset.rda?download=1,3df5a16f0d90505439f92b92608aac58,2555172
GSE2630_eset,GSE2630_eset.rda,https://zenodo.org/records/23125734/files/GSE2630_eset.rda?download=1,c650169bc58e13b6a1be326155c2a2a4,543940
GSE26682.GPL570_eset,GSE26682.GPL570_eset.rda,https://zenodo.org/records/23125734/files/GSE26682.GPL570_eset.rda?download=1,4a552232901ae8036e2d390211ac66cd,3762880
GSE26682.GPL96_eset,GSE26682.GPL96_eset.rda,https://zenodo.org/records/23125734/files/GSE26682.GPL96_eset.rda?download=1,440c10c04fa09fe56c650f5dcfad84fb,14050244
GSE26906_eset,GSE26906_eset.rda,https://zenodo.org/records/23125734/files/GSE26906_eset.rda?download=1,3399ec7149ef6a76a7e6d77a21ba36bb,12271168
GSE27544_eset,GSE27544_eset.rda,https://zenodo.org/records/23125734/files/GSE27544_eset.rda?download=1,ca61888b627394a753d6f93e6ea0eb08,1399976
GSE28702_eset,GSE28702_eset.rda,https://zenodo.org/records/23125734/files/GSE28702_eset.rda?download=1,852f42b9d3ee28d3bc6076747df5aa38,11314752
GSE3294_eset,GSE3294_eset.rda,https://zenodo.org/records/23125734/files/GSE3294_eset.rda?download=1,f8f62bce4fa9f8d8c27a8331defb118c,684632
GSE33113_eset,GSE33113_eset.rda,https://zenodo.org/records/23125734/files/GSE33113_eset.rda?download=1,9814126b6fc740de2713e1fec4b15782,13066544
GSE39582_eset,GSE39582_eset.rda,https://zenodo.org/records/23125734/files/GSE39582_eset.rda?download=1,7bdbbadfaa9d4ff88bdc791042287a9f,53940012
GSE3964_eset,GSE3964_eset.rda,https://zenodo.org/records/23125734/files/GSE3964_eset.rda?download=1,0a73a4dda729f2dfccb26d658d6cbb8a,1308480
GSE4045_eset,GSE4045_eset.rda,https://zenodo.org/records/23125734/files/GSE4045_eset.rda?download=1,55536e548b97689ad3fd7ab44fb33418,3432252
GSE4526_eset,GSE4526_eset.rda,https://zenodo.org/records/23125734/files/GSE4526_eset.rda?download=1,194e39c56aa6e63eb926fd2d02c1b8e8,4499620
GSE45270_eset,GSE45270_eset.rda,https://zenodo.org/records/23125734/files/GSE45270_eset.rda?download=1,0b1203cb8c724a0b5e8e33b63264ef94,1866416
TCGA.COAD_eset,TCGA.COAD_eset.rda,https://zenodo.org/records/23125734/files/TCGA.COAD_eset.rda?download=1,4865921e88a3e140dc33535df3d9ff47,5730984
TCGA.READ_eset,TCGA.READ_eset.rda,https://zenodo.org/records/23125734/files/TCGA.READ_eset.rda?download=1,d1a6688d116f0b5a4229d4d427efb8a5,2326880
TCGA.RNASeqV2_eset,TCGA.RNASeqV2_eset.rda,https://zenodo.org/records/23125734/files/TCGA.RNASeqV2_eset.rda?download=1,982129545ba576976d54e63e2e9077a8,12831588
TCGA.RNASeqV2.READ_eset,TCGA.RNASeqV2.READ_eset.rda,https://zenodo.org/records/23125734/files/TCGA.RNASeqV2.READ_eset.rda?download=1,b7e99d4b002ac703ca19cb508d91a5e8,525084
